kebawa arus,Arah_Arus
hanyut,Arah_Arus
ada orang hanyut,Arah_Arus
arah arus,Arah_Arus
sendal saya kebawa arus,Arah_Arus
seberapa besar arus laut sekarang?,Kuat_Arus
kuat arus,Kuat_Arus
saya ingin mengetahui besar arus laut,Kuat_Arus
besar arus laut,Kuat_Arus
kuat arus laut,Kuat_Arus
air laut pukul 12 siang,Pasang11
air laut pukul 12,Pasang11
air laut pukul 11:30,Pasang11
air laut pukul 11:00,Pasang11
air laut pukul 11 siang,Pasang11
pasang terdalam pukul berapa?,Pasang11
keadaan air pada pukul 11,Pasang11
air laut pukul 11,Pasang11
kapan pasang tertinggi?,Pasang11
air laut pukul 12:30,Pasang11
air laut pukul 12:00,Pasang11
status air laut pukul 1 siang,Pasang13
air laut pukul 02:30 siang,Pasang13
air laut pukul 2 siang,Pasang13
air laut pukul 14:30,Pasang13
air laut pukul 14:00,Pasang13
air laut pukul 14,Pasang13
air laut pukul 01:30 siang,Pasang13
air laut pukul 01:00 siang,Pasang13
air laut pukul 1 siang,Pasang13
air laut pukul 13:30,Pasang13
air laut pukul 13:00,Pasang13
air laut pukul 13,Pasang13
status air laut pada pukul 2 siang,Pasang13
keadaan air pada pukul 13,Pasang13
air laut pukul 02:00 siang,Pasang13
air laut pukul 15:00,Pasang15
keadaan air pada pukul 15,Pasang15
status air laut pukul 4 siang,Pasang15
air laut pukul 15,Pasang15
air laut pukul 15:30,Pasang15
air laut pukul 16,Pasang15
air laut pukul 16:00,Pasang15
air laut pukul 16:30,Pasang15
air laut pukul 3 siang,Pasang15
ir laut pukul 03:00 siang,Pasang15
air laut pukul 03:30 siang,Pasang15
air laut pukul 4 siang,Pasang15
air laut pukul 04:00 siang,Pasang15
air laut pukul 04:30 siang,Pasang15
air laut pukul 3 sore,Pasang15
air laut pukl 4 sore,Pasang15
air laut pukul 18:00,Pasang17
Keadaan air pada pukul 17,Pasang17
air laut pukul 17,Pasang17
air laut pukul 17:00,Pasang17
air laut pukul 17:30,Pasang17
air laut pukul 6 sore,Pasang17
air laut pukul 6 siang,Pasang17
air laut pukul 5 malam,Pasang17
air laut pukul 5 sore,Pasang17
air laut pukul 5 siang,Pasang17
air laut pukul 18:30,Pasang17
air laut pukul 6 malam,Pasang17
air laut pukul 18,Pasang17
air laut pukul 08:00 malam,Pasang19
keadaan air pada pukul 19,Pasang19
air laut pukul 20:30,Pasang19
air laut pukul 20:00,Pasang19
air laut pukul 20,Pasang19
air laut pukul 19:30,Pasang19
air laut pukul 19:00,Pasang19
air laut pukul 19,Pasang19
air laut pukul 07:30 malam,Pasang19
air laut pukul 8 malam,Pasang19
air laut pukul 08:30 malam,Pasang19
air laut pukul 07:00 malam,Pasang19
air laut pukul 7 malam,Pasang19
status air laut pada pukul 5,Pasang5
jadwal pasang pukul 5,Pasang5
kapan air laut pasang?,Pasang5
kapan air pasang,Pasang5
status air laut pukul 06:30,Pasang5
status air laut pukul 06:00,Pasang5
status air laut pukul 6 pagi,Pasang5
status air laut pukul 6,Pasang5
status air laut pukul 05:30,Pasang5
status air laut pukul 05:00,Pasang5
status air laut pukul 5 pagi,Pasang5
status air laut pukul 5,Pasang5
kapanair akan pasang?,Pasang5
air laut pukul 08:30,Pasang7
air laut pukul 8 pagi,Pasang7
air laut pukul 8,Pasang7
air laut pukul 07:30,Pasang7
air laut pukul 07:00,Pasang7
aur laut pukul 7 pagi,Pasang7
air laut pukul 7,Pasang7
keadaan air lau pada pukul 7,Pasang7
air laut pukul 08:00,Pasang7
air laut pukul 09:30,Pasang9
air laut pukul 09:00,Pasang9
air laut pukul 9 pagi,Pasang9
air laut pukul 9,Pasang9
keadaan air pada pukul 9,Pasang9
air laut pukul 10,Pasang9
air laut pukul 10 pagi,Pasang9
air laut pukul 10 siang,Pasang9
air laut pukul 10:00,Pasang9
air laut pukul 10:30,Pasang9
jadwal pasang surut kemarin,Pasang_Surut
Jadwal Pasang Surut,Pasang_Surut
jadwal pasang surut hari ini,Pasang_Surut
status air laut pukul 02:30,Surut1
status air laut pukul 2 pagi,Surut1
status air laut pukul 02:00,Surut1
status air laut pukul 01:30,Surut1
status air laut pukul 01:00,Surut1
status air laut pukul 1 pagi,Surut1
status air laut pada pukul 2,Surut1
keadaan air pada pukul 1,Surut1
air laut pukul 22:30,Surut21
air laut pukul 10:00 malam,Surut21
air laut pukul 10:30 malam,Surut21
kapan air akan surut?,Surut21
untuk surut air laut kapan terjadi?,Surut21
surut,Surut21
kapan terjadi surut air laut,Surut21
ntuk surut air laut kapan terjadi/,Surut21
air laut pukul 10 malam,Surut21
keadaan air pada pukul 21,Surut21
kapan air mulai surut?,Surut21
air laut pukul 21,Surut21
air laut pukul 21:00,Surut21
air laut pukul 21:30,Surut21
air laut pukul 22,Surut21
air laut pukul 22:00,Surut21
air laut pukul 09:30 malam,Surut21
air laut pukul 09:00 malam,Surut21
air laut pukul 9 malam,Surut21
air laut pukul 23:00,Surut23
air laut pukul 23:30,Surut23
air laut pukul 00,Surut23
air laut pukul 12:30 malam,Surut23
air laut pukul 12:00 malam,Surut23
air laut pukul 11:30 malam,Surut23
air laut pukul 12 malam,Surut23
air laut pukul 11:00 malam,Surut23
air laut pukul 11 malam,Surut23
air laut tengah malam,Surut23
air laut pukul 00:30,Surut23
air laut pukul 00:00,Surut23
Keadaan air pada pukul 23,Surut23
air laut pukul 23,Surut23
status air laut pukul 04:00,Surut3
keadaan air pada pukul 3,Surut3
status air laut pukul 4,Surut3
status air laut pukul 3 pagi,Surut3
status air laut pukul 04:30,Surut3
status air laut pukul 03:30,Surut3
status air laut pukul 03:00,Surut3
status air pukul 4 pagi,Surut3
